TextBlob_Sentiment,VADER_Sentiment,overheat,Days_Since_Review,meet,good,good,satisfactory,Month,quiet,excellent,run,get,efficient,everyday
0.0393518518518518,-0.0237,0,386.0,0,0,0,0,6.0,0,0,0,0,0,0
0.1285714285714285,0.8225,0,607.0,0,0,0,0,11.0,0,0,0,0,0,0
0.2,0.6801,0,700.0,0,1,1,0,8.0,0,0,0,1,0,0
0.7,0.4404,0,247.0,0,1,1,0,11.0,0,0,0,0,0,0
0.7,0.4404,0,326.0,0,1,1,0,8.0,0,0,0,0,0,0
-0.1523809523809523,-0.7269,0,446.0,0,0,0,0,4.0,0,0,0,1,0,0
0.0266666666666666,0.4215,0,391.0,0,1,1,0,6.0,0,0,0,0,0,0
0.1801839826839827,0.9875,0,648.0,0,1,1,0,10.0,0,1,0,0,0,0
0.0,0.0,0,198.0,0,0,0,0,12.0,0,0,0,0,0,0
0.5166666666666666,0.8519,0,170.0,0,1,1,0,1.0,0,0,0,0,0,0
0.7,0.4404,0,274.0,0,1,1,0,10.0,0,0,0,0,0,0
0.1333333333333333,0.1027,0,882.0,0,0,0,0,2.0,0,0,0,0,0,0
0.0,0.0,0,286.0,0,0,0,0,10.0,0,0,0,0,0,0
0.2333333333333333,0.4404,0,699.0,0,1,1,0,8.0,0,0,0,0,0,0
0.5,0.5267,0,522.0,0,0,0,0,2.0,0,0,0,0,0,0
0.0,0.2732,0,1101.0,0,0,0,0,7.0,0,0,0,0,0,0
0.0,-0.3182,0,69.0,0,0,0,0,5.0,0,0,0,0,0,0
0.5,0.4215,0,670.0,0,0,0,0,9.0,0,0,0,0,0,0
0.0166666666666666,-0.0258,0,256.0,0,1,1,0,11.0,0,0,0,1,0,0
0.0,-0.1531,0,865.0,0,0,0,0,3.0,0,0,0,1,0,0
0.7,0.6486,0,257.0,0,1,1,0,11.0,0,0,0,0,0,0
0.7,0.4404,0,269.0,0,1,1,0,10.0,0,0,0,0,0,0
0.2,0.2732,0,407.0,0,0,0,0,6.0,0,0,0,0,0,0
0.24,0.2263,0,633.0,0,0,0,0,10.0,0,0,0,0,0,0
0.4166666666666667,0.2023,0,383.0,0,0,0,0,6.0,0,0,0,0,0,0
0.0,0.0,0,673.0,0,0,0,0,9.0,0,0,1,0,0,0
-0.4,-0.4767,0,174.0,0,0,0,0,1.0,0,0,0,0,0,0
0.0,0.3182,0,754.0,0,0,0,0,6.0,0,0,0,1,0,0
-0.13,0.0,0,305.0,0,0,0,0,9.0,0,0,0,0,0,0
0.0970238095238095,0.7269,0,175.0,0,0,0,0,1.0,1,1,0,0,0,0
0.7,0.4404,0,274.0,0,1,1,0,10.0,0,0,0,0,0,0
0.1333333333333333,0.1027,0,882.0,0,0,0,0,2.0,0,0,0,0,0,0
0.0,0.0,0,286.0,0,0,0,0,10.0,0,0,0,0,0,0
0.2333333333333333,0.4404,0,699.0,0,1,1,0,8.0,0,0,0,0,0,0
0.5,0.5267,0,522.0,0,0,0,0,2.0,0,0,0,0,0,0
0.0,0.2732,0,1101.0,0,0,0,0,7.0,0,0,0,0,0,0
0.0,-0.3182,0,69.0,0,0,0,0,5.0,0,0,0,0,0,0
0.5,0.4215,0,670.0,0,0,0,0,9.0,0,0,0,0,0,0
0.0166666666666666,-0.0258,0,256.0,0,1,1,0,11.0,0,0,0,1,0,0
0.0,-0.1531,0,865.0,0,0,0,0,3.0,0,0,0,1,0,0
0.7,0.6486,0,257.0,0,1,1,0,11.0,0,0,0,0,0,0
0.7,0.4404,0,269.0,0,1,1,0,10.0,0,0,0,0,0,0
0.2,0.2732,0,407.0,0,0,0,0,6.0,0,0,0,0,0,0
0.24,0.2263,0,633.0,0,0,0,0,10.0,0,0,0,0,0,0
0.4166666666666667,0.2023,0,383.0,0,0,0,0,6.0,0,0,0,0,0,0
0.0,0.0,0,673.0,0,0,0,0,9.0,0,0,1,0,0,0
-0.4,-0.4767,0,174.0,0,0,0,0,1.0,0,0,0,0,0,0
0.0,0.3182,0,754.0,0,0,0,0,6.0,0,0,0,1,0,0
-0.13,0.0,0,305.0,0,0,0,0,9.0,0,0,0,0,0,0
0.0970238095238095,0.7269,0,175.0,0,0,0,0,1.0,1,1,0,0,0,0
0.1499999999999999,0.4927,0,79.0,0,1,1,0,4.0,0,0,1,0,0,0
0.0961403508771929,0.9565,0,472.0,0,1,1,0,3.0,0,0,1,0,0,1
0.2083333333333333,0.6705,0,972.0,0,0,0,0,11.0,0,0,0,0,0,0
0.5,0.5994,0,789.0,0,0,0,0,5.0,0,0,0,0,0,0
0.4515625,0.9313,0,598.0,0,1,1,0,11.0,0,1,0,0,0,0
0.32,0.936,0,542.0,0,0,0,0,1.0,0,0,0,0,0,0
0.05,0.4215,0,415.0,0,0,0,0,5.0,0,0,0,0,1,0
0.0,0.0,0,287.0,0,0,0,0,10.0,0,0,0,0,0,0
0.1624999999999999,0.899,0,300.0,0,0,0,0,9.0,0,0,0,0,0,0
0.3625,0.8779,0,1029.0,0,1,1,0,9.0,0,0,0,1,0,0
0.1374999999999999,0.7845,0,82.0,0,0,0,0,4.0,0,0,0,0,1,0
0.0,0.0,0,62.0,0,0,0,0,5.0,0,0,0,1,0,0
0.2083333333333333,0.3871,0,113.0,0,0,0,0,3.0,0,0,1,0,0,0
-0.05,-0.1139,0,148.0,0,0,0,0,2.0,0,0,0,0,0,0
0.3,0.6369,0,99.0,0,0,0,0,4.0,0,0,0,0,0,0
0.3071428571428571,0.2732,0,169.0,0,0,0,0,1.0,0,0,1,0,0,0
0.35,0.672,0,228.0,0,1,1,0,11.0,0,0,0,1,0,0
-0.12,0.0,0,201.0,0,0,0,0,12.0,0,0,0,0,0,0
0.3333333333333333,0.5719,0,244.0,0,0,0,0,11.0,0,1,0,0,0,0
0.2419983522004283,0.5443870967741936,0,240.0,0,0,0,0,11.0,0,0,0,0,0,0
0.1374999999999999,0.7845,0,82.0,0,0,0,0,4.0,0,0,0,0,1,0
0.0,0.0,0,62.0,0,0,0,0,5.0,0,0,0,1,0,0
0.2083333333333333,0.3871,0,113.0,0,0,0,0,3.0,0,0,1,0,0,0
-0.05,-0.1139,0,148.0,0,0,0,0,2.0,0,0,0,0,0,0
0.3,0.6369,0,99.0,0,0,0,0,4.0,0,0,0,0,0,0
0.3071428571428571,0.2732,0,169.0,0,0,0,0,1.0,0,0,1,0,0,0
0.35,0.672,0,228.0,0,1,1,0,11.0,0,0,0,1,0,0
-0.12,0.0,0,201.0,0,0,0,0,12.0,0,0,0,0,0,0
0.3333333333333333,0.5719,0,244.0,0,0,0,0,11.0,0,1,0,0,0,0
0.2419983522004283,0.5443870967741936,0,240.0,0,0,0,0,11.0,0,0,0,0,0,0
0.0249999999999999,0.6369,0,279.0,0,1,1,0,10.0,0,0,0,0,0,0
0.25,0.0,0,111.0,0,0,0,0,3.0,0,0,0,0,0,0
0.5,0.6369,0,130.0,0,0,0,0,3.0,0,0,0,0,0,0
0.7,0.6908,0,364.0,0,1,1,0,7.0,0,0,0,0,1,0
0.0,0.3612,1,182.0,0,0,0,0,1.0,0,0,0,1,0,0
0.0,0.2584,0,170.0,0,0,0,0,1.0,0,0,0,0,0,0
0.3333333333333333,0.5994,0,264.0,0,0,0,0,10.0,0,0,0,0,0,0
1.0,0.6369,0,278.0,0,0,0,0,10.0,0,0,0,0,0,0
0.2299999999999999,0.6866,0,496.0,0,0,0,0,3.0,0,0,0,0,0,0
-0.0708333333333333,0.0516,0,567.0,0,0,0,0,12.0,0,0,0,0,0,0
0.6,0.6369,0,148.0,0,0,0,0,2.0,0,0,0,0,0,0
0.08,0.8999,0,1146.0,0,0,0,0,5.0,0,0,1,0,0,0
1.0,0.6369,0,91.0,0,0,0,0,4.0,0,0,0,0,0,0
0.1747619047619047,0.926,0,1338.0,0,0,0,0,11.0,0,0,0,1,0,0
0.5833333333333334,0.8402,0,1135.0,0,1,1,0,6.0,0,0,0,1,0,0
0.0,0.0,0,615.0,0,0,0,0,11.0,0,0,0,0,0,0
-0.5,0.0516,0,1176.0,0,0,0,0,4.0,0,0,0,1,0,0
-0.4,-0.4767,0,471.0,0,0,0,0,4.0,0,0,0,0,0,0
0.28125,0.6697,0,1329.0,0,0,0,0,11.0,0,0,0,0,0,0
-0.0746428571428571,0.7845,0,1222.0,0,0,0,0,3.0,0,0,0,1,0,0
0.0457249918540241,0.9865,0,112.0,0,1,1,0,3.0,0,0,0,1,0,0
0.7,0.4404,0,257.0,0,1,1,0,11.0,0,0,0,0,0,0
0.0,0.0,0,281.0,0,0,0,0,10.0,0,0,0,0,0,0
0.7,0.4404,0,746.0,0,1,1,0,6.0,0,0,0,0,0,0
-0.8,0.6124,0,352.0,0,0,0,0,7.0,0,0,0,0,0,0
0.8,0.8271,0,436.0,0,0,0,0,5.0,0,0,0,0,0,0
0.7,0.6369,0,604.0,0,0,0,0,11.0,0,0,0,0,0,0
-0.4,-0.4767,0,308.0,0,0,0,0,9.0,0,0,0,0,0,0
-0.1499999999999999,-0.34,0,545.0,0,0,0,0,1.0,0,0,0,0,0,0
0.0,0.0,0,668.0,0,0,0,0,9.0,0,0,0,0,0,0
0.6,0.4215,0,233.0,0,0,0,0,11.0,0,0,0,0,0,0
0.1874642857142857,0.995,0,347.0,0,0,0,0,8.0,0,1,1,0,1,1
0.7166666666666667,0.8957,0,351.0,0,0,0,0,7.0,0,1,0,0,0,0
0.25,0.5574,0,52.0,0,0,0,0,5.0,0,0,0,0,0,0
0.1234444444444444,0.92,1,108.0,0,0,0,0,3.0,0,0,0,1,0,0
0.7,0.4404,0,191.0,0,1,1,0,1.0,0,0,0,0,0,0
0.5428571428571429,0.34,0,80.0,0,0,0,0,4.0,0,0,0,0,0,0
0.0,0.0,0,558.0,0,0,0,0,1.0,0,0,0,0,0,0
0.315,0.2263,0,79.0,0,0,0,0,4.0,0,0,1,0,0,0
1.0,0.6369,0,189.0,0,0,0,0,1.0,0,0,0,0,0,0
0.35,0.4404,0,490.0,0,1,1,0,3.0,0,0,0,0,0,0
0.1444444444444444,0.5402,0,83.0,0,0,0,0,4.0,0,0,0,0,0,0
0.7,0.4404,0,70.0,0,1,1,0,5.0,0,0,0,0,0,0
0.3866666666666666,0.8221,0,128.0,0,0,0,0,3.0,0,0,0,0,0,0
0.2083333333333333,0.9961,0,289.0,0,0,0,0,9.0,0,1,0,0,0,0
-0.3,0.6969,0,101.0,0,0,0,0,4.0,0,0,0,0,0,0
0.4766666666666667,0.9153,0,467.0,0,0,0,0,4.0,0,0,0,0,0,0
0.2419983522004283,0.5443870967741936,0,220.0,0,0,0,0,12.0,0,0,0,0,0,0
0.8,0.5719,0,87.0,0,0,0,0,4.0,0,0,0,0,0,0
0.2,0.34,0,353.0,0,0,0,0,7.0,0,0,0,0,0,0
0.9,-0.1725,0,316.0,0,0,0,0,9.0,0,0,0,0,0,0
0.4,0.8402,0,475.0,0,0,0,0,3.0,0,0,0,0,0,0
0.2419983522004283,0.5443870967741936,0,181.0,0,0,0,0,1.0,0,0,0,0,0,0
0.4714285714285714,0.9423,0,548.0,0,1,1,0,1.0,0,1,1,0,0,0
0.1118421052631579,0.9169,0,129.0,0,0,0,0,3.0,0,0,1,1,0,0
0.375,-0.2411,0,49.0,0,0,0,0,5.0,0,0,0,0,0,0
-0.0142857142857143,0.8074,0,199.0,0,0,0,0,12.0,1,0,0,0,0,0
0.7,0.4404,0,82.0,0,1,1,0,4.0,0,0,0,0,0,0
0.2672727272727273,0.7783,0,106.0,0,1,1,0,3.0,0,0,0,0,0,0
0.1340850059031877,0.5859,0,357.0,0,0,0,0,7.0,0,0,0,0,0,0
0.9,-0.1725,0,316.0,0,0,0,0,9.0,0,0,0,0,0,0
0.4,0.8402,0,475.0,0,0,0,0,3.0,0,0,0,0,0,0
0.2419983522004283,0.5443870967741936,0,181.0,0,0,0,0,1.0,0,0,0,0,0,0
0.4714285714285714,0.9423,0,548.0,0,1,1,0,1.0,0,1,1,0,0,0
0.1118421052631579,0.9169,0,129.0,0,0,0,0,3.0,0,0,1,1,0,0
0.375,-0.2411,0,49.0,0,0,0,0,5.0,0,0,0,0,0,0
-0.0142857142857143,0.8074,0,199.0,0,0,0,0,12.0,1,0,0,0,0,0
0.7,0.4404,0,82.0,0,1,1,0,4.0,0,0,0,0,0,0
0.2672727272727273,0.7783,0,106.0,0,1,1,0,3.0,0,0,0,0,0,0
0.1340850059031877,0.5859,0,357.0,0,0,0,0,7.0,0,0,0,0,0,0
0.2403977272727272,0.9812,0,748.0,0,1,1,0,6.0,0,0,0,0,0,0
0.0666666666666666,0.7906,0,839.0,0,1,1,0,3.0,0,0,0,0,0,0
0.1666666666666666,0.6369,0,417.0,0,0,0,0,5.0,0,0,1,0,0,0
0.4,0.7956,0,153.0,0,0,0,0,2.0,0,1,0,0,0,0
0.5249999999999999,0.8176,0,104.0,0,1,1,0,4.0,0,0,0,0,0,0
0.525,0.6249,0,53.0,0,0,0,0,5.0,0,0,0,0,0,0
0.7,0.6486,0,199.0,0,1,1,0,12.0,0,0,0,0,0,0
0.022,0.6992,0,96.0,0,0,0,0,4.0,0,0,1,1,0,0
0.0,0.0,0,327.0,0,0,0,0,8.0,0,0,0,0,0,0
0.1025,0.3962,0,437.0,0,0,0,0,5.0,0,0,0,0,0,0
0.1337662337662337,0.9383,0,264.0,0,0,0,0,10.0,0,0,0,1,0,0
-0.05,0.4767,0,266.0,0,0,0,0,10.0,0,0,0,0,0,0
0.3333333333333333,0.8225,0,115.0,1,0,0,0,3.0,0,1,0,0,1,0
0.0127777777777777,0.9786,0,220.0,0,1,1,0,12.0,0,1,0,1,0,0
0.0728131313131313,0.919,0,87.0,0,1,1,0,4.0,0,0,0,0,0,0
0.2375,0.5574,0,220.0,0,0,0,0,12.0,0,0,0,0,0,0
0.7083333333333334,0.1531,0,122.0,0,0,0,0,3.0,0,0,0,0,0,0
0.35,0.4404,0,179.0,0,1,1,0,1.0,0,0,0,0,0,0
0.1789682539682539,0.9873,0,194.0,0,1,1,0,1.0,0,0,1,1,0,0
0.2829292929292929,0.8519,0,184.0,0,1,1,0,1.0,0,1,1,0,0,0
0.1337662337662337,0.9383,0,264.0,0,0,0,0,10.0,0,0,0,1,0,0
-0.05,0.4767,0,266.0,0,0,0,0,10.0,0,0,0,0,0,0
0.3333333333333333,0.8225,0,115.0,1,0,0,0,3.0,0,1,0,0,1,0
0.0127777777777777,0.9786,0,220.0,0,1,1,0,12.0,0,1,0,1,0,0
0.0728131313131313,0.919,0,87.0,0,1,1,0,4.0,0,0,0,0,0,0
0.2375,0.5574,0,220.0,0,0,0,0,12.0,0,0,0,0,0,0
0.7083333333333334,0.1531,0,122.0,0,0,0,0,3.0,0,0,0,0,0,0
0.35,0.4404,0,179.0,0,1,1,0,1.0,0,0,0,0,0,0
0.1789682539682539,0.9873,0,194.0,0,1,1,0,1.0,0,0,1,1,0,0
0.2829292929292929,0.8519,0,184.0,0,1,1,0,1.0,0,1,1,0,0,0
0.0,0.0,0,358.0,0,0,0,0,7.0,0,0,0,0,0,0
0.5166666666666666,0.6597,0,207.0,0,1,1,0,12.0,0,0,0,0,0,0
-0.0885416666666666,0.4627,0,694.0,0,0,0,0,8.0,0,0,0,0,0,0
-0.0650714285714285,0.0258,0,505.0,0,0,0,1,2.0,0,0,0,0,0,0
0.2051948051948052,0.6249,0,348.0,0,0,0,0,8.0,0,0,0,0,0,0
1.0,0.6369,0,83.0,0,0,0,0,4.0,0,0,0,0,0,0
0.1533333333333333,0.4215,0,116.0,0,0,0,0,3.0,0,0,0,0,0,0
0.15,0.0276,0,806.0,0,0,0,0,5.0,0,0,1,0,0,0
0.0,0.0,0,186.0,0,0,0,0,1.0,0,0,0,0,0,0
0.2333333333333333,0.8834,0,830.0,0,0,0,0,4.0,0,0,0,0,0,0
0.1499999999999999,0.4927,0,79.0,0,1,1,0,4.0,0,0,1,0,0,0
0.0961403508771929,0.9565,0,472.0,0,1,1,0,3.0,0,0,1,0,0,1
0.2083333333333333,0.6705,0,972.0,0,0,0,0,11.0,0,0,0,0,0,0
0.5,0.5994,0,789.0,0,0,0,0,5.0,0,0,0,0,0,0
0.4515625,0.9313,0,598.0,0,1,1,0,11.0,0,1,0,0,0,0
0.32,0.936,0,542.0,0,0,0,0,1.0,0,0,0,0,0,0
0.05,0.4215,0,415.0,0,0,0,0,5.0,0,0,0,0,1,0
0.0,0.0,0,287.0,0,0,0,0,10.0,0,0,0,0,0,0
0.1624999999999999,0.899,0,300.0,0,0,0,0,9.0,0,0,0,0,0,0
0.3625,0.8779,0,1029.0,0,1,1,0,9.0,0,0,0,1,0,0
0.2299999999999999,0.8658,0,276.0,0,0,0,0,10.0,0,0,0,0,0,0
0.2,0.4404,0,295.0,0,0,0,0,9.0,0,0,0,0,0,0
0.3,0.9217,0,326.0,0,0,0,0,8.0,0,0,1,0,0,0
0.0541666666666666,0.7845,0,248.0,0,0,0,0,11.0,0,0,0,0,0,0
0.0999999999999999,0.7506,0,588.0,0,0,0,0,12.0,0,0,0,0,0,0
1.0,0.6369,0,54.0,0,0,0,0,5.0,0,0,0,0,0,0
0.7,0.4404,0,477.0,0,1,1,0,3.0,0,0,0,0,0,0
0.2565909090909091,0.9134,0,624.0,0,0,0,0,10.0,0,1,0,0,0,0
0.0499999999999999,-0.7964,0,63.0,0,0,0,0,5.0,0,0,0,0,0,0
0.2788469106650925,0.9839,0,238.0,0,0,0,0,11.0,0,0,0,1,0,0
0.0,0.6124,0,109.0,0,0,0,0,3.0,0,0,0,0,0,0
0.1,-0.296,0,221.0,0,0,0,0,12.0,0,0,0,0,0,0
0.6,0.6486,0,60.0,0,1,1,0,5.0,0,0,0,0,0,0
0.3,0.4215,0,143.0,0,0,0,0,2.0,0,0,0,0,0,0
0.7,0.4404,0,132.0,0,1,1,0,3.0,0,0,0,0,0,0
0.0351851851851851,0.97,0,118.0,1,0,0,0,3.0,0,0,0,0,0,0
0.1638461538461538,0.5267,0,250.0,0,1,1,0,11.0,0,0,0,0,0,0
0.2,0.0,0,190.0,0,0,0,0,1.0,0,0,0,0,0,0
0.7,0.7003,0,46.0,0,1,1,0,5.0,0,0,0,0,0,0
0.0637499999999999,0.8903,0,685.0,0,0,0,0,8.0,0,0,0,0,0,0
0.0,-0.5994,0,547.0,0,0,0,0,1.0,0,0,0,0,0,0
0.43,0.4404,0,874.0,0,1,1,0,2.0,0,0,0,0,0,0
0.2666666666666666,0.7579,0,371.0,0,0,0,0,7.0,0,0,1,0,0,0
0.3,0.6249,0,140.0,0,0,0,0,2.0,0,0,0,0,0,0
0.0,0.0,0,224.0,0,0,0,0,12.0,0,0,0,0,0,0
0.0,0.0,0,187.0,0,0,0,0,1.0,0,0,0,1,0,0
-0.4,-0.5719,0,509.0,0,0,0,0,2.0,0,0,0,0,0,0
0.1192727272727272,0.7351,0,367.0,0,0,0,0,7.0,0,0,0,0,0,0
0.84375,0.9558,0,384.0,0,0,0,0,6.0,0,1,0,0,0,0
0.1200396825396825,0.0,0,286.0,0,0,0,0,10.0,0,0,0,0,0,0
0.4111111111111111,0.7506,0,212.0,0,1,1,0,12.0,0,0,0,0,0,0
0.125,0.0,0,360.0,0,0,0,0,7.0,0,0,1,1,0,0
0.0136363636363636,0.9515,0,334.0,0,1,1,0,8.0,0,0,0,0,0,0
-0.0101010101010101,-0.3182,0,47.0,0,0,0,0,5.0,0,0,0,0,0,0
0.6428571428571428,0.5719,0,236.0,0,0,0,0,11.0,0,1,0,0,0,0
-0.0818181818181818,0.6808,0,90.0,0,0,0,0,4.0,1,0,0,0,0,0
0.2462732919254658,0.9897,0,318.0,0,1,1,0,9.0,0,0,1,1,0,0
0.3448571428571428,0.764,0,296.0,0,0,0,0,9.0,0,0,0,0,0,0
-0.0833333333333333,0.0,0,437.0,0,0,0,0,5.0,0,0,0,0,0,0
0.0333333333333333,0.836,0,355.0,0,0,0,0,7.0,0,0,0,0,0,0
0.1499999999999999,-0.0516,0,379.0,0,1,1,0,7.0,0,0,1,0,0,0
0.0,0.0,0,564.0,0,0,0,0,12.0,0,0,0,0,0,0
0.0705387205387205,0.1813,0,70.0,0,0,0,0,5.0,0,0,1,0,0,0
0.7,0.0276,0,165.0,0,1,1,0,2.0,0,0,0,0,0,0
-0.4,0.0,0,386.0,0,0,0,0,6.0,0,0,0,0,0,0
1.0,0.6369,0,607.0,0,0,0,0,11.0,0,0,0,0,0,0
0.4,0.5413,0,700.0,0,0,0,0,8.0,0,0,0,1,0,0
0.7,0.4404,0,247.0,0,1,1,0,11.0,0,0,0,0,0,0
0.7,0.4404,0,326.0,0,1,1,0,8.0,0,0,0,0,0,0
0.1666666666666666,0.0,0,493.0,0,0,0,0,3.0,0,0,0,0,0,0
0.3,0.5719,0,560.0,0,0,0,0,1.0,0,1,0,0,0,0
0.25,0.3612,0,514.0,0,0,0,1,2.0,0,0,1,0,0,0
0.8,0.5719,0,451.0,0,0,0,0,4.0,0,0,0,0,0,0
0.8,0.7579,0,413.0,0,0,0,0,5.0,0,0,0,0,0,0
1.0,0.4767,0,379.0,0,0,0,0,7.0,0,0,1,0,0,0
0.3333333333333333,0.0,0,345.0,0,0,0,0,8.0,0,0,0,0,0,0
0.5,0.4215,0,307.0,0,0,0,0,9.0,0,0,0,0,0,0
0.2833333333333333,-0.3182,0,269.0,0,0,0,0,10.0,0,0,0,0,0,0
0.6666666666666666,0.8316,0,203.0,0,0,0,0,12.0,0,1,0,0,0,0
0.2499999999999999,0.4404,0,530.0,0,1,1,0,2.0,0,0,0,0,0,1
-0.05,0.5267,0,494.0,0,0,0,0,3.0,0,0,0,1,0,0
0.2,0.7579,0,457.0,0,0,0,0,4.0,0,0,0,0,0,0
0.35,0.4215,0,420.0,0,0,0,0,5.0,0,0,0,0,0,0
0.0777777777777777,0.7184,0,380.0,0,0,0,0,7.0,0,0,0,0,0,1
-0.2,0.0,1,340.0,0,0,0,0,8.0,0,0,0,0,0,1
0.35,0.6808,0,299.0,0,0,0,0,9.0,0,0,0,0,1,0
-0.3,-0.4767,0,233.0,0,0,0,0,11.0,0,0,0,1,0,0
0.0,0.6369,0,561.0,0,0,0,1,1.0,0,0,0,0,0,0
0.35,0.4404,0,526.0,0,1,1,0,2.0,0,0,1,0,0,0
0.4166666666666667,0.4215,0,493.0,0,0,0,0,3.0,0,0,0,0,0,0
0.4666666666666666,0.6705,0,457.0,0,0,0,0,4.0,0,0,0,0,0,0
0.5666666666666667,0.7906,0,422.0,0,1,1,0,5.0,0,0,0,0,0,0
-0.4,0.4019,0,380.0,1,0,0,0,7.0,0,0,0,0,0,0
-0.0666666666666666,-0.2023,0,340.0,0,0,0,0,8.0,0,0,1,0,0,1
0.2666666666666666,0.2023,0,299.0,0,0,0,0,9.0,0,0,0,0,0,0
0.2666666666666666,0.8225,0,264.0,0,0,0,0,10.0,0,0,0,0,0,0
0.2,0.0,0,227.0,0,0,0,0,12.0,0,0,0,0,0,0
-0.04,0.0,0,557.0,0,0,0,0,1.0,0,0,0,0,0,0
0.4166666666666667,0.7184,0,521.0,0,0,0,0,2.0,0,0,0,0,0,0
0.3666666666666667,0.8271,0,488.0,0,0,0,0,3.0,0,1,0,0,0,0
0.4,0.3612,0,452.0,0,0,0,1,4.0,0,0,1,0,0,0
-0.05,0.5994,0,410.0,0,0,0,0,6.0,1,0,0,0,1,0
0.7,0.4404,0,371.0,0,1,1,0,7.0,0,0,0,0,0,0
0.0,0.3612,0,330.0,1,0,0,1,8.0,0,0,0,0,0,0
0.7,0.6808,0,288.0,0,0,0,0,10.0,0,0,0,0,0,0
0.3,0.7579,0,248.0,0,0,0,0,11.0,0,0,0,0,0,0
0.0999999999999999,0.2263,0,208.0,0,0,0,0,12.0,0,0,0,0,0,1
0.2,0.765,0,530.0,0,0,0,0,2.0,0,0,0,0,0,0
0.45,0.4215,0,493.0,0,0,0,0,3.0,0,0,1,0,0,0
0.35,0.6908,0,452.0,0,1,1,0,4.0,0,0,0,0,1,0
0.2,0.7351,0,410.0,0,0,0,0,6.0,0,0,0,0,0,0
-0.1833333333333333,-0.3182,0,371.0,0,0,0,0,7.0,0,0,0,1,0,1
0.35,0.7964,0,330.0,0,1,1,0,8.0,0,0,0,0,0,0
-0.3333333333333333,0.0,1,288.0,0,0,0,0,10.0,0,0,0,0,0,1
0.5,0.8519,0,248.0,0,0,0,0,11.0,0,0,0,0,1,0
0.0,0.6486,0,208.0,1,0,0,1,12.0,0,0,0,0,0,0
0.1,0.2732,0,530.0,0,0,0,0,2.0,0,0,1,0,0,1
0.2333333333333333,0.7506,0,493.0,0,1,1,0,3.0,0,0,0,0,0,0
-0.05,0.6808,0,452.0,1,0,0,0,4.0,0,0,0,0,1,0
0.35,0.4215,0,410.0,0,0,0,0,6.0,0,0,0,0,0,0
0.2499999999999999,0.6597,0,371.0,0,1,1,0,7.0,0,0,0,0,0,1
0.0,0.5994,0,330.0,0,0,0,0,8.0,1,0,0,0,1,0
0.4,0.0,0,288.0,1,0,0,0,10.0,0,0,1,0,0,0
-0.1,0.3182,1,248.0,0,0,0,0,11.0,0,0,0,0,0,1
0.55,0.6249,0,208.0,0,0,0,0,12.0,0,0,0,0,0,0
0.2,0.765,0,530.0,0,0,0,0,2.0,0,0,0,0,0,0
0.45,0.4215,0,493.0,0,0,0,0,3.0,0,0,1,0,0,0
0.35,0.6908,0,452.0,0,1,1,0,4.0,0,0,0,0,1,0
0.2,0.7351,0,410.0,0,0,0,0,6.0,0,0,0,0,0,0
-0.1833333333333333,-0.3182,0,371.0,0,0,0,0,7.0,0,0,0,1,0,1
0.35,0.7964,0,330.0,0,1,1,0,8.0,0,0,0,0,0,0
-0.3333333333333333,0.0,1,288.0,0,0,0,0,10.0,0,0,0,0,0,1
0.5,0.8519,0,248.0,0,0,0,0,11.0,0,0,0,0,1,0
0.0,0.6486,0,208.0,1,0,0,1,12.0,0,0,0,0,0,0
0.1,0.2732,0,530.0,0,0,0,0,2.0,0,0,1,0,0,1
0.2333333333333333,0.7506,0,493.0,0,1,1,0,3.0,0,0,0,0,0,0
-0.05,0.6808,0,452.0,1,0,0,0,4.0,0,0,0,0,1,0
0.35,0.4215,0,410.0,0,0,0,0,6.0,0,0,0,0,0,0
0.2499999999999999,0.6597,0,371.0,0,1,1,0,7.0,0,0,0,0,0,1
0.0,0.5994,0,330.0,0,0,0,0,8.0,1,0,0,0,1,0
0.4,0.0,0,288.0,1,0,0,0,10.0,0,0,1,0,0,0
-0.1,0.3182,1,248.0,0,0,0,0,11.0,0,0,0,0,0,1
0.55,0.6249,0,208.0,0,0,0,0,12.0,0,0,0,0,0,0
0.2,0.765,0,530.0,0,0,0,0,2.0,0,0,0,0,0,0
0.45,0.4215,0,493.0,0,0,0,0,3.0,0,0,1,0,0,0
0.35,0.6908,0,452.0,0,1,1,0,4.0,0,0,0,0,1,0
0.2,0.7351,0,410.0,0,0,0,0,6.0,0,0,0,0,0,0
-0.1833333333333333,-0.3182,0,371.0,0,0,0,0,7.0,0,0,0,1,0,1
0.35,0.7964,0,330.0,0,1,1,0,8.0,0,0,0,0,0,0
-0.3333333333333333,0.0,1,288.0,0,0,0,0,10.0,0,0,0,0,0,1
0.5,0.8519,0,248.0,0,0,0,0,11.0,0,0,0,0,1,0
0.0,0.6486,0,208.0,1,0,0,1,12.0,0,0,0,0,0,0
0.1,0.2732,0,530.0,0,0,0,0,2.0,0,0,1,0,0,1
0.2333333333333333,0.7506,0,493.0,0,1,1,0,3.0,0,0,0,0,0,0
-0.05,0.6808,0,452.0,1,0,0,0,4.0,0,0,0,0,1,0
0.35,0.4215,0,410.0,0,0,0,0,6.0,0,0,0,0,0,0
0.2499999999999999,0.6597,0,371.0,0,1,1,0,7.0,0,0,0,0,0,1
0.0,0.5994,0,330.0,0,0,0,0,8.0,1,0,0,0,1,0
0.4,0.0,0,288.0,1,0,0,0,10.0,0,0,1,0,0,0
-0.1,0.3182,1,248.0,0,0,0,0,11.0,0,0,0,0,0,1
0.55,0.6249,0,208.0,0,0,0,0,12.0,0,0,0,0,0,0
0.2,0.765,0,530.0,0,0,0,0,2.0,0,0,0,0,0,0
0.45,0.4215,0,493.0,0,0,0,0,3.0,0,0,1,0,0,0
0.35,0.6908,0,452.0,0,1,1,0,4.0,0,0,0,0,1,0
0.2,0.7351,0,410.0,0,0,0,0,6.0,0,0,0,0,0,0
-0.1833333333333333,-0.3182,0,371.0,0,0,0,0,7.0,0,0,0,1,0,1
0.35,0.7964,0,330.0,0,1,1,0,8.0,0,0,0,0,0,0
-0.3333333333333333,0.0,1,288.0,0,0,0,0,10.0,0,0,0,0,0,1
0.5,0.8519,0,248.0,0,0,0,0,11.0,0,0,0,0,1,0
0.0,0.6486,0,208.0,1,0,0,1,12.0,0,0,0,0,0,0
0.1,0.2732,0,530.0,0,0,0,0,2.0,0,0,1,0,0,1
0.2333333333333333,0.7506,0,493.0,0,1,1,0,3.0,0,0,0,0,0,0
-0.05,0.6808,0,452.0,1,0,0,0,4.0,0,0,0,0,1,0
0.35,0.4215,0,410.0,0,0,0,0,6.0,0,0,0,0,0,0
0.2499999999999999,0.6597,0,371.0,0,1,1,0,7.0,0,0,0,0,0,1
0.0,0.5994,0,330.0,0,0,0,0,8.0,1,0,0,0,1,0
0.4,0.0,0,288.0,1,0,0,0,10.0,0,0,1,0,0,0
-0.1,0.3182,1,248.0,0,0,0,0,11.0,0,0,0,0,0,1
0.55,0.6249,0,208.0,0,0,0,0,12.0,0,0,0,0,0,0
0.2,0.765,0,530.0,0,0,0,0,2.0,0,0,0,0,0,0
0.45,0.4215,0,493.0,0,0,0,0,3.0,0,0,1,0,0,0
0.35,0.6908,0,452.0,0,1,1,0,4.0,0,0,0,0,1,0
0.2,0.7351,0,410.0,0,0,0,0,6.0,0,0,0,0,0,0
-0.1833333333333333,-0.3182,0,371.0,0,0,0,0,7.0,0,0,0,1,0,1
0.35,0.7964,0,330.0,0,1,1,0,8.0,0,0,0,0,0,0
-0.3333333333333333,0.0,1,288.0,0,0,0,0,10.0,0,0,0,0,0,1
0.5,0.8519,0,248.0,0,0,0,0,11.0,0,0,0,0,1,0
0.0,0.6486,0,208.0,1,0,0,1,12.0,0,0,0,0,0,0
0.1,0.2732,0,530.0,0,0,0,0,2.0,0,0,1,0,0,1
0.2333333333333333,0.7506,0,493.0,0,1,1,0,3.0,0,0,0,0,0,0
-0.05,0.6808,0,452.0,1,0,0,0,4.0,0,0,0,0,1,0
0.35,0.4215,0,410.0,0,0,0,0,6.0,0,0,0,0,0,0
0.2499999999999999,0.6597,0,371.0,0,1,1,0,7.0,0,0,0,0,0,1
0.0,0.5994,0,330.0,0,0,0,0,8.0,1,0,0,0,1,0
0.4,0.0,0,288.0,1,0,0,0,10.0,0,0,1,0,0,0
-0.1,0.3182,1,248.0,0,0,0,0,11.0,0,0,0,0,0,1
0.55,0.6249,0,208.0,0,0,0,0,12.0,0,0,0,0,0,0
0.2,0.765,0,530.0,0,0,0,0,2.0,0,0,0,0,0,0
0.45,0.4215,0,493.0,0,0,0,0,3.0,0,0,1,0,0,0
0.35,0.6908,0,452.0,0,1,1,0,4.0,0,0,0,0,1,0
0.2,0.7351,0,410.0,0,0,0,0,6.0,0,0,0,0,0,0
-0.1833333333333333,-0.3182,0,371.0,0,0,0,0,7.0,0,0,0,1,0,1
0.35,0.7964,0,330.0,0,1,1,0,8.0,0,0,0,0,0,0
-0.3333333333333333,0.0,1,288.0,0,0,0,0,10.0,0,0,0,0,0,1
0.5,0.8519,0,248.0,0,0,0,0,11.0,0,0,0,0,1,0
0.0,0.6486,0,208.0,1,0,0,1,12.0,0,0,0,0,0,0
0.1,0.2732,0,530.0,0,0,0,0,2.0,0,0,1,0,0,1
0.2333333333333333,0.7506,0,493.0,0,1,1,0,3.0,0,0,0,0,0,0
-0.05,0.6808,0,452.0,1,0,0,0,4.0,0,0,0,0,1,0
0.35,0.4215,0,410.0,0,0,0,0,6.0,0,0,0,0,0,0
0.2499999999999999,0.6597,0,371.0,0,1,1,0,7.0,0,0,0,0,0,1
0.0,0.5994,0,330.0,0,0,0,0,8.0,1,0,0,0,1,0
0.4,0.0,0,288.0,1,0,0,0,10.0,0,0,1,0,0,0
-0.1,0.3182,1,248.0,0,0,0,0,11.0,0,0,0,0,0,1
0.55,0.6249,0,208.0,0,0,0,0,12.0,0,0,0,0,0,0
0.2,0.765,0,530.0,0,0,0,0,2.0,0,0,0,0,0,0
0.45,0.4215,0,493.0,0,0,0,0,3.0,0,0,1,0,0,0
0.35,0.6908,0,452.0,0,1,1,0,4.0,0,0,0,0,1,0
0.2,0.7351,0,410.0,0,0,0,0,6.0,0,0,0,0,0,0
-0.1833333333333333,-0.3182,0,371.0,0,0,0,0,7.0,0,0,0,1,0,1
0.35,0.7964,0,330.0,0,1,1,0,8.0,0,0,0,0,0,0
-0.3333333333333333,0.0,1,288.0,0,0,0,0,10.0,0,0,0,0,0,1
0.5,0.8519,0,248.0,0,0,0,0,11.0,0,0,0,0,1,0
0.0,0.6486,0,208.0,1,0,0,1,12.0,0,0,0,0,0,0
0.1,0.2732,0,530.0,0,0,0,0,2.0,0,0,1,0,0,1
0.2333333333333333,0.7506,0,493.0,0,1,1,0,3.0,0,0,0,0,0,0
-0.05,0.6808,0,452.0,1,0,0,0,4.0,0,0,0,0,1,0
0.35,0.4215,0,410.0,0,0,0,0,6.0,0,0,0,0,0,0
0.2499999999999999,0.6597,0,371.0,0,1,1,0,7.0,0,0,0,0,0,1
0.0,0.5994,0,330.0,0,0,0,0,8.0,1,0,0,0,1,0
0.4,0.0,0,288.0,1,0,0,0,10.0,0,0,1,0,0,0
-0.1,0.3182,1,248.0,0,0,0,0,11.0,0,0,0,0,0,1
0.55,0.6249,0,208.0,0,0,0,0,12.0,0,0,0,0,0,0
0.2,0.765,0,530.0,0,0,0,0,2.0,0,0,0,0,0,0
0.45,0.4215,0,493.0,0,0,0,0,3.0,0,0,1,0,0,0
0.35,0.6908,0,452.0,0,1,1,0,4.0,0,0,0,0,1,0
0.2,0.7351,0,410.0,0,0,0,0,6.0,0,0,0,0,0,0
-0.1833333333333333,-0.3182,0,371.0,0,0,0,0,7.0,0,0,0,1,0,1
0.35,0.7964,0,330.0,0,1,1,0,8.0,0,0,0,0,0,0
-0.3333333333333333,0.0,1,288.0,0,0,0,0,10.0,0,0,0,0,0,1
0.5,0.8519,0,248.0,0,0,0,0,11.0,0,0,0,0,1,0
0.0,0.6486,0,208.0,1,0,0,1,12.0,0,0,0,0,0,0
0.1,0.2732,0,530.0,0,0,0,0,2.0,0,0,1,0,0,1
0.2333333333333333,0.7506,0,493.0,0,1,1,0,3.0,0,0,0,0,0,0
-0.05,0.6808,0,452.0,1,0,0,0,4.0,0,0,0,0,1,0
0.35,0.4215,0,410.0,0,0,0,0,6.0,0,0,0,0,0,0
0.2499999999999999,0.6597,0,371.0,0,1,1,0,7.0,0,0,0,0,0,1
0.0,0.5994,0,330.0,0,0,0,0,8.0,1,0,0,0,1,0
0.4,0.0,0,288.0,1,0,0,0,10.0,0,0,1,0,0,0
-0.1,0.3182,1,248.0,0,0,0,0,11.0,0,0,0,0,0,1
0.55,0.6249,0,208.0,0,0,0,0,12.0,0,0,0,0,0,0
0.2,0.765,0,530.0,0,0,0,0,2.0,0,0,0,0,0,0
0.45,0.4215,0,493.0,0,0,0,0,3.0,0,0,1,0,0,0
0.35,0.6908,0,452.0,0,1,1,0,4.0,0,0,0,0,1,0
0.2,0.7351,0,410.0,0,0,0,0,6.0,0,0,0,0,0,0
-0.1833333333333333,-0.3182,0,371.0,0,0,0,0,7.0,0,0,0,1,0,1
0.35,0.7964,0,330.0,0,1,1,0,8.0,0,0,0,0,0,0
-0.3333333333333333,0.0,1,288.0,0,0,0,0,10.0,0,0,0,0,0,1
0.5,0.8519,0,248.0,0,0,0,0,11.0,0,0,0,0,1,0
0.0,0.6486,0,208.0,1,0,0,1,12.0,0,0,0,0,0,0
0.1,0.2732,0,530.0,0,0,0,0,2.0,0,0,1,0,0,1
0.2333333333333333,0.7506,0,493.0,0,1,1,0,3.0,0,0,0,0,0,0
-0.05,0.6808,0,452.0,1,0,0,0,4.0,0,0,0,0,1,0
0.35,0.4215,0,410.0,0,0,0,0,6.0,0,0,0,0,0,0
0.2499999999999999,0.6597,0,371.0,0,1,1,0,7.0,0,0,0,0,0,1
0.0,0.5994,0,330.0,0,0,0,0,8.0,1,0,0,0,1,0
0.4,0.0,0,288.0,1,0,0,0,10.0,0,0,1,0,0,0
-0.1,0.3182,1,248.0,0,0,0,0,11.0,0,0,0,0,0,1
0.55,0.6249,0,208.0,0,0,0,0,12.0,0,0,0,0,0,0
0.2,0.765,0,530.0,0,0,0,0,2.0,0,0,0,0,0,0
0.45,0.4215,0,493.0,0,0,0,0,3.0,0,0,1,0,0,0
0.35,0.6908,0,452.0,0,1,1,0,4.0,0,0,0,0,1,0
0.2,0.7351,0,410.0,0,0,0,0,6.0,0,0,0,0,0,0
-0.1833333333333333,-0.3182,0,371.0,0,0,0,0,7.0,0,0,0,1,0,1
0.35,0.7964,0,330.0,0,1,1,0,8.0,0,0,0,0,0,0
-0.3333333333333333,0.0,1,288.0,0,0,0,0,10.0,0,0,0,0,0,1
0.5,0.765,0,418.12080536912754,0,0,0,0,6.573825503355705,0,1,0,0,0,0
0.1999999999999999,0.5719,0,418.12080536912754,0,0,0,0,6.573825503355705,0,0,0,0,0,0
0.22,0.6124,0,418.12080536912754,0,0,0,0,6.573825503355705,0,0,1,0,0,0
0.5083333333333333,0.8834,0,418.12080536912754,0,0,0,0,6.573825503355705,0,1,0,0,0,0
0.0999999999999999,0.7906,0,418.12080536912754,0,0,0,0,6.573825503355705,0,0,0,0,0,0
0.2833333333333333,0.6597,0,418.12080536912754,0,1,1,1,6.573825503355705,0,0,0,0,0,0
0.0775,0.296,0,418.12080536912754,0,0,0,0,6.573825503355705,0,0,0,0,0,0
0.5750000000000001,0.8834,0,418.12080536912754,0,1,1,0,6.573825503355705,0,1,0,0,0,0
0.475,0.9217,0,418.12080536912754,0,0,0,0,6.573825503355705,0,1,0,0,0,0
0.58,0.7351,0,208.0,0,0,0,0,12.0,0,1,0,0,0,0
0.1999999999999999,0.5719,0,418.12080536912754,0,0,0,0,6.573825503355705,1,1,0,0,0,0
-0.4,0.0,0,386.0,0,0,0,0,6.0,0,0,0,0,0,0
1.0,0.6369,0,607.0,0,0,0,0,11.0,0,0,0,0,0,0
0.4,0.5413,0,700.0,0,0,0,0,8.0,0,0,0,1,0,0
0.0,0.3612,0,247.0,0,0,0,1,11.0,0,0,0,0,0,0
0.3666666666666667,0.4404,0,418.12080536912754,0,1,1,0,6.573825503355705,0,0,1,0,0,0
0.3999999999999999,0.7579,0,418.12080536912754,0,0,0,0,6.573825503355705,0,0,0,0,1,0
0.2666666666666666,0.7351,0,418.12080536912754,0,0,0,0,6.573825503355705,0,0,0,0,0,0
0.3666666666666667,0.7579,0,418.12080536912754,0,0,0,0,6.573825503355705,0,1,0,0,0,0
0.3,0.5719,0,418.12080536912754,0,0,0,0,6.573825503355705,0,0,0,0,0,0
0.6,0.6908,0,418.12080536912754,0,1,1,0,6.573825503355705,0,0,0,0,0,0
0.1208333333333333,0.296,0,418.12080536912754,0,0,0,0,6.573825503355705,0,0,0,0,0,0
0.0999999999999999,0.4404,0,418.12080536912754,0,1,1,0,6.573825503355705,0,0,0,0,0,0
0.4166666666666667,0.4404,0,418.12080536912754,0,1,1,0,6.573825503355705,0,0,0,0,0,0
0.58,0.7351,0,208.0,0,0,0,0,12.0,0,1,0,0,0,0
0.4499999999999999,0.4404,0,418.12080536912754,0,1,1,0,6.573825503355705,0,0,0,0,0,0
0.2666666666666666,0.7579,0,418.12080536912754,0,0,0,0,6.573825503355705,0,0,0,0,1,0
0.2333333333333333,0.5719,0,418.12080536912754,0,0,0,0,6.573825503355705,0,0,0,0,0,0
0.8,0.743,0,418.12080536912754,0,1,1,0,6.573825503355705,0,0,0,0,0,0
0.3249999999999999,0.8126,0,418.12080536912754,0,0,0,0,6.573825503355705,0,1,0,0,0,0
0.0366666666666666,0.2263,0,418.12080536912754,0,0,0,0,6.573825503355705,1,0,0,0,0,0
0.5666666666666667,0.7233,0,418.12080536912754,0,1,1,0,6.573825503355705,0,1,0,0,0,0
0.3833333333333333,0.7096,0,418.12080536912754,0,0,0,0,6.573825503355705,0,0,0,0,0,0
0.3,0.5719,0,418.12080536912754,0,0,0,0,6.573825503355705,0,1,0,0,0,0
0.3166666666666667,0.8442,0,418.12080536912754,0,0,0,0,6.573825503355705,0,1,0,0,0,0
0.4,0.7845,0,349.0,0,0,0,0,8.0,0,0,0,0,1,0
0.4,0.765,0,418.12080536912754,0,0,0,0,6.573825503355705,1,0,1,0,0,0
0.6499999999999999,0.8689,0,418.12080536912754,0,1,1,0,6.573825503355705,0,0,0,0,0,0
0.25,0.7351,0,418.12080536912754,0,0,0,0,6.573825503355705,0,0,0,0,1,0
0.2333333333333333,0.7351,0,418.12080536912754,0,0,0,0,6.573825503355705,0,1,0,0,0,0
0.2666666666666666,0.5719,0,418.12080536912754,0,0,0,0,6.573825503355705,0,1,0,0,0,0
0.115,0.3182,0,418.12080536912754,0,0,0,0,6.573825503355705,1,0,0,0,0,0
0.33,0.4215,0,418.12080536912754,0,0,0,0,6.573825503355705,0,0,0,0,0,0
0.1625,0.6124,0,418.12080536912754,0,0,0,0,6.573825503355705,0,0,0,0,0,0
0.6,0.6369,0,418.12080536912754,0,1,1,0,6.573825503355705,0,0,0,0,0,0
0.4166666666666667,0.8176,0,418.12080536912754,0,0,0,0,6.573825503355705,0,1,0,0,0,0
0.2,0.7579,0,269.0,0,0,0,0,10.0,0,1,0,0,1,0
0.5,0.7351,0,418.12080536912754,0,0,0,0,6.573825503355705,1,1,0,0,0,0
0.8,0.5719,0,418.12080536912754,1,0,0,0,6.573825503355705,0,0,0,0,0,0
0.1666666666666666,0.7351,0,418.12080536912754,0,0,0,0,6.573825503355705,0,0,0,0,1,0
0.35,0.5423,0,418.12080536912754,0,0,0,0,6.573825503355705,0,0,1,0,0,0
0.3444444444444444,0.765,0,418.12080536912754,0,0,0,0,6.573825503355705,0,1,0,0,0,0
0.0366666666666666,0.2263,0,418.12080536912754,0,0,0,0,6.573825503355705,1,0,0,0,0,0
0.08,0.1027,0,418.12080536912754,0,0,0,1,6.573825503355705,0,0,0,0,0,0
0.162,0.6124,0,418.12080536912754,0,0,0,0,6.573825503355705,0,0,0,0,0,0
0.7,0.34,0,418.12080536912754,0,0,0,0,6.573825503355705,0,1,0,0,0,0
0.1333333333333333,0.2406,0,418.12080536912754,0,0,0,0,6.573825503355705,0,1,0,0,0,0
1.0,0.6908,0,14.0,0,0,0,0,7.0,0,1,0,0,0,0
0.3249999999999999,0.6705,0,418.12080536912754,0,1,1,0,6.573825503355705,0,1,0,0,0,0
0.7000000000000001,0.7845,0,418.12080536912754,0,0,0,0,6.573825503355705,0,1,0,0,0,0
0.1599999999999999,0.8074,0,418.12080536912754,0,0,0,0,6.573825503355705,0,0,0,0,0,0
0.4033333333333332,0.7351,0,418.12080536912754,0,1,1,0,6.573825503355705,0,0,0,0,0,0
0.1999999999999999,0.4404,0,418.12080536912754,0,0,0,0,6.573825503355705,0,0,0,0,0,0
-0.025,0.0258,0,418.12080536912754,0,0,0,0,6.573825503355705,1,0,0,0,1,0
0.4166666666666667,0.7369,0,418.12080536912754,0,0,0,0,6.573825503355705,0,1,0,0,1,0
0.2486666666666666,0.7269,0,418.12080536912754,0,0,0,0,6.573825503355705,0,0,0,0,0,0
0.5333333333333333,0.8126,0,418.12080536912754,0,0,0,0,6.573825503355705,0,1,0,0,0,0
0.4263888888888889,0.9136,0,418.12080536912754,0,0,0,0,6.573825503355705,0,1,0,0,0,0
0.0,0.743,0,86.0,0,0,0,0,4.0,0,0,0,0,1,0
0.5,0.7351,0,418.12080536912754,0,0,0,0,6.573825503355705,1,1,1,0,0,0
-0.12,0.6697,0,1646.0,0,0,0,0,1.0,0,0,0,0,0,0
0.2785714285714286,0.8834,0,1607.0,0,0,0,0,2.0,1,0,1,0,0,0
0.3466666666666667,0.5719,0,1570.0,0,1,1,0,3.0,0,0,0,0,0,0
0.25,0.9371,0,1564.0,0,0,0,0,4.0,0,0,1,0,0,0
0.125,0.7475,0,1523.0,0,0,0,0,5.0,0,0,0,0,0,0
0.375,0.836,0,1484.0,0,1,1,0,6.0,0,0,0,0,1,0
0.3,0.8934,0,1446.0,0,0,0,0,7.0,0,0,0,0,0,0
0.0199999999999999,0.7096,0,1435.0,0,1,1,0,8.0,0,0,0,0,0,0
0.1666666666666666,0.0516,0,1399.0,0,0,0,0,9.0,0,0,0,0,0,0
0.58,0.7211,0,1366.0,0,0,0,0,10.0,0,1,0,0,0,0
0.2375,0.8873,0,1328.0,0,1,1,0,11.0,0,0,0,0,0,0
-0.0193749999999999,0.2732,0,1318.0,0,0,0,0,12.0,0,0,0,0,0,0
0.1,0.5719,0,1280.0,0,0,0,0,1.0,0,0,0,0,0,0
0.3866666666666666,0.875,0,1241.0,0,0,0,0,2.0,0,1,0,0,0,0
0.4111111111111111,0.794,0,1205.0,0,1,1,0,3.0,0,0,0,0,0,0
0.1999999999999999,0.8591,0,1197.0,0,1,1,0,4.0,0,0,0,0,0,0
0.4,0.7783,0,1157.0,0,0,0,0,5.0,0,1,0,0,0,0
0.5625,0.8555,0,1121.0,0,1,1,0,6.0,0,0,0,0,0,0
0.6,0.8779,0,1081.0,0,0,0,0,7.0,0,0,0,0,0,0
0.44,0.8126,0,1065.0,0,0,0,0,8.0,0,1,1,0,0,0
0.15,0.6908,0,1058.0,0,0,0,0,8.0,0,0,0,0,0,0
0.4583333333333333,0.9423,0,1050.0,0,0,0,0,8.0,0,1,0,0,0,0
0.9,0.8316,0,1044.0,0,0,0,0,9.0,0,1,0,0,0,0
0.2888888888888889,0.5994,0,1039.0,0,0,0,0,9.0,0,1,0,0,0,0
0.39,0.8481,0,1031.0,0,0,0,0,9.0,0,1,1,0,0,0
0.2299999999999999,0.9153,0,1024.0,0,1,1,0,9.0,0,0,0,0,0,0
0.0099999999999999,0.0516,0,1019.0,0,1,1,0,9.0,0,0,0,0,0,0
0.4866666666666667,0.9201,0,1014.0,0,0,0,0,10.0,0,0,0,0,0,0
0.225,0.8519,0,1009.0,0,0,0,0,10.0,0,0,0,0,0,0
0.32,0.8644,0,1004.0,0,0,0,0,10.0,0,1,0,0,0,0
0.08,0.7147,0,999.0,0,0,0,0,10.0,1,1,0,0,0,0
0.0749999999999999,0.4019,0,994.0,0,1,1,0,10.0,0,0,0,0,0,0
0.4666666666666666,0.8658,0,989.0,0,0,0,0,10.0,0,0,0,0,0,0
0.4599999999999999,0.8957,0,983.0,0,1,1,0,11.0,0,1,0,0,0,0
-0.075,0.2732,0,978.0,0,0,0,0,11.0,0,0,0,0,0,0
0.2333333333333333,0.7964,0,973.0,0,1,1,0,11.0,0,0,0,0,0,0
0.37,0.6249,0,968.0,0,1,1,0,11.0,0,0,1,0,0,0
0.04,0.0772,0,963.0,0,0,0,0,11.0,0,0,0,0,0,1
0.3388888888888888,0.8074,0,958.0,0,0,0,0,11.0,0,1,0,0,0,0
0.3388888888888888,0.8074,0,953.0,0,0,0,0,12.0,0,1,0,0,0,0
0.25,0.9169,0,583.0,0,1,1,0,12.0,0,0,0,0,0,1
0.3916666666666666,0.6249,0,578.0,0,0,0,0,12.0,0,0,1,0,0,0
0.15,0.25,0,573.0,0,0,0,0,12.0,0,1,0,0,0,0
0.2833333333333333,0.9231,0,568.0,0,1,1,0,12.0,0,1,0,0,0,0
0.2599999999999999,0.9349,0,563.0,0,1,1,0,12.0,0,1,0,0,0,0
0.1861111111111111,0.8126,0,557.0,0,0,0,0,1.0,0,1,0,0,0,1
0.3,0.9081,0,552.0,0,1,1,0,1.0,0,0,0,0,0,0
0.2583333333333333,0.9287,0,547.0,0,0,0,0,1.0,0,0,0,0,0,0
0.2555555555555555,0.8126,0,542.0,0,1,1,0,1.0,0,0,0,0,0,0
0.2785714285714286,0.9246,0,537.0,0,0,0,0,1.0,1,0,0,0,0,0
0.225,0.9274,0,532.0,0,0,0,0,1.0,0,0,0,0,0,0
0.3555555555555555,0.932,0,526.0,0,0,0,0,2.0,0,1,0,0,0,0
0.1124999999999999,0.872,0,521.0,0,1,1,0,2.0,0,0,0,0,0,1
0.0666666666666666,0.6964,0,516.0,0,1,1,0,2.0,0,0,0,0,0,0
0.3,0.8519,0,511.0,0,0,0,0,2.0,0,1,0,0,0,0
0.7999999999999999,0.9246,0,506.0,0,1,1,0,2.0,0,1,0,0,0,0
0.0999999999999999,0.6319,0,503.0,0,1,1,0,2.0,0,0,0,0,0,1
0.3416666666666667,0.91,0,498.0,0,1,1,0,3.0,0,0,0,0,0,0
0.0375,0.6486,0,493.0,0,0,0,0,3.0,0,0,0,0,1,0
0.1916666666666666,0.91,0,488.0,0,1,1,0,3.0,0,0,0,0,0,1
0.3285714285714285,0.9186,0,483.0,0,1,1,0,3.0,0,0,0,0,0,0
0.2833333333333333,0.6369,0,478.0,0,1,1,0,3.0,0,0,0,0,0,0
0.2833333333333333,0.9231,0,473.0,0,1,1,0,3.0,0,1,0,0,0,0
0.0375,0.6486,0,467.0,0,0,0,0,4.0,0,0,0,0,1,0
0.1916666666666666,0.91,0,462.0,0,1,1,0,4.0,0,0,0,0,0,1
0.3285714285714285,0.9186,0,457.0,0,1,1,0,4.0,0,0,0,0,0,0
0.2833333333333333,0.6369,0,452.0,0,1,1,0,4.0,0,0,0,0,0,0
0.2,0.8126,0,447.0,0,1,1,0,4.0,0,0,0,0,0,0
0.0277777777777777,0.8221,0,442.0,0,0,0,0,4.0,0,0,0,0,0,1
0.1875,0.875,0,437.0,0,0,0,0,5.0,0,0,0,0,0,0
0.1861111111111111,0.8126,0,432.0,0,0,0,0,5.0,0,1,0,0,0,1
0.1066666666666666,0.8316,0,427.0,0,1,1,0,5.0,0,0,0,0,0,1
0.2375,0.8934,0,422.0,0,0,0,0,5.0,0,1,0,0,0,0
0.2333333333333333,0.5514,0,417.0,0,1,1,0,5.0,0,1,0,0,0,0
0.2555555555555555,0.9073,0,412.0,0,1,1,0,5.0,0,0,0,0,0,0
0.25,0.8625,0,406.0,0,0,0,0,6.0,0,0,0,0,0,0
0.0499999999999999,0.6808,0,401.0,0,1,1,0,6.0,0,0,0,0,0,0
0.7333333333333334,0.926,0,396.0,0,1,1,0,6.0,0,0,0,0,0,0
0.3,0.7964,0,391.0,0,0,0,0,6.0,0,1,0,1,0,0
0.1124999999999999,0.9081,0,386.0,0,1,1,0,6.0,0,0,0,0,0,1
0.2083333333333333,0.9287,0,381.0,0,1,1,0,6.0,0,0,0,0,0,1
0.3285714285714285,0.9186,0,376.0,0,1,1,0,7.0,0,0,0,0,0,0
0.2888888888888888,0.5511,0,371.0,0,1,1,0,7.0,0,0,1,0,0,1
0.1999999999999999,0.7203,0,366.0,0,1,1,0,7.0,0,0,0,0,0,0
0.0337499999999999,0.5256,0,361.0,0,0,0,0,7.0,0,0,1,0,0,0
0.4066666666666666,0.8891,0,356.0,0,0,0,0,7.0,0,1,0,0,0,0
0.6333333333333333,0.8271,0,351.0,0,1,1,0,7.0,0,1,0,0,0,0
0.1875,0.8834,0,345.0,0,0,0,0,8.0,0,0,0,0,0,0
0.1124999999999999,0.872,0,340.0,0,1,1,0,8.0,0,0,0,0,0,1
0.1999999999999999,0.8316,0,335.0,0,1,1,0,8.0,0,0,0,0,0,1
0.0599999999999999,0.7398,0,330.0,0,1,1,0,8.0,0,0,0,0,0,1
0.2833333333333333,0.9231,0,325.0,0,1,1,0,8.0,0,1,0,0,0,0
0.207,0.8399,0,320.0,0,0,0,0,8.0,0,0,0,0,0,0
0.1666666666666666,0.891,0,314.0,0,0,0,0,9.0,0,0,0,0,0,0
0.1999999999999999,0.7203,0,309.0,0,1,1,0,9.0,0,0,0,0,0,0
0.1875,0.8625,0,304.0,0,0,0,0,9.0,0,0,0,0,0,0
0.0277777777777777,0.8221,0,299.0,0,0,0,0,9.0,0,0,0,0,0,1
0.1066666666666666,0.8316,0,294.0,0,1,1,0,9.0,0,0,0,0,0,1
-0.0813333333333333,0.7024,0,289.0,0,0,0,0,9.0,0,0,0,0,0,0
0.2833333333333333,0.6369,0,284.0,0,1,1,0,10.0,0,0,0,0,0,0
0.2833333333333333,0.9231,0,279.0,0,1,1,0,10.0,0,1,0,0,0,0
0.0375,0.6486,0,274.0,0,0,0,0,10.0,0,0,0,0,1,0
0.1916666666666666,0.91,0,269.0,0,1,1,0,10.0,0,0,0,0,0,1
0.3285714285714285,0.9186,0,264.0,0,1,1,0,10.0,0,0,0,0,0,0
0.2833333333333333,0.6369,0,259.0,0,1,1,0,10.0,0,0,0,0,0,0
0.2,0.8126,0,253.0,0,1,1,0,11.0,0,0,0,0,0,0
0.0277777777777777,0.8221,0,248.0,0,0,0,0,11.0,0,0,0,0,0,1
0.1875,0.875,0,243.0,0,0,0,0,11.0,0,0,0,0,0,0
0.1861111111111111,0.8126,0,238.0,0,0,0,0,11.0,0,1,0,0,0,1
0.1066666666666666,0.8316,0,233.0,0,1,1,0,11.0,0,0,0,0,0,1
0.2375,0.8934,0,228.0,0,0,0,0,11.0,0,1,0,0,0,0
0.2333333333333333,0.5514,0,223.0,0,1,1,0,12.0,0,1,0,0,0,0
0.2555555555555555,0.9073,0,218.0,0,1,1,0,12.0,0,0,0,0,0,0
0.207,0.8399,0,213.0,0,0,0,0,12.0,0,0,0,0,0,0
0.0499999999999999,0.6808,0,208.0,0,1,1,0,12.0,0,0,0,0,0,0
0.7333333333333334,0.926,0,203.0,0,1,1,0,12.0,0,0,0,0,0,0
0.3,0.7964,0,198.0,0,0,0,0,12.0,0,1,0,1,0,0
0.1124999999999999,0.9081,0,192.0,0,1,1,0,1.0,0,0,0,0,0,1
0.2083333333333333,0.9287,0,187.0,0,1,1,0,1.0,0,0,0,0,0,1
0.3285714285714285,0.9186,0,182.0,0,1,1,0,1.0,0,0,0,0,0,0
0.2888888888888888,0.5511,0,177.0,0,1,1,0,1.0,0,0,1,0,0,1
0.1999999999999999,0.7203,0,172.0,0,1,1,0,1.0,0,0,0,0,0,0
0.0337499999999999,0.5256,0,167.0,0,0,0,0,1.0,0,0,1,0,0,0
0.4066666666666666,0.8891,0,161.0,0,0,0,0,2.0,0,1,0,0,0,0
0.6333333333333333,0.8271,0,156.0,0,1,1,0,2.0,0,1,0,0,0,0
0.1875,0.8834,0,151.0,0,0,0,0,2.0,0,0,0,0,0,0
0.1124999999999999,0.872,0,146.0,0,1,1,0,2.0,0,0,0,0,0,1
0.1999999999999999,0.8316,0,141.0,0,1,1,0,2.0,0,0,0,0,0,1
0.0599999999999999,0.7398,0,138.0,0,1,1,0,2.0,0,0,0,0,0,1
0.2833333333333333,0.9231,0,132.0,0,1,1,0,3.0,0,1,0,0,0,0
